FormID,EditorID
00257F37,CanyonsErodedLarge1KInnerCurve01
00257F36,CanyonsErodedLarge1KInnerCurve02
00257F38,CanyonsErodedLarge1KInnerCurve03
00257F34,CanyonsErodedLarge1KInnerCurve04
00257F33,CanyonsErodedLarge1KInnerCurve05
00257F35,CanyonsErodedLarge1KOuterCurve01
00257F31,CanyonsErodedLarge1KOuterCurve02
00257F30,CanyonsErodedLarge1KOuterCurve03
00257F32,CanyonsErodedLarge1KOuterCurve04
00257F2F,CanyonsErodedLarge1KOuterCurve05
00257F2E,CanyonsErodedLarge1KStraight01
00257F2D,CanyonsErodedLarge1KStraight02
00257F2C,CanyonsErodedLarge1KStraight03
00257F2B,CanyonsErodedLarge1KStraight04
00257F2A,CanyonsErodedLarge1KStraight05
00249BF2,CanyonsErodedMedium1KInnerCurve01
00249BF1,CanyonsErodedMedium1KInnerCurve02
00249BF0,CanyonsErodedMedium1KInnerCurve03
00249BEE,CanyonsErodedMedium1KInnerCurve04
00249BED,CanyonsErodedMedium1KInnerCurve05
00249BEF,CanyonsErodedMedium1KOuterCurve01
00249BEB,CanyonsErodedMedium1KOuterCurve02
00249BEA,CanyonsErodedMedium1KOuterCurve03
00249BEC,CanyonsErodedMedium1KOuterCurve04
00249BE8,CanyonsErodedMedium1KOuterCurve05
00249BE7,CanyonsErodedMedium1KStraight01
00249BE9,CanyonsErodedMedium1KStraight02
00249BE6,CanyonsErodedMedium1KStraight03
00249BE5,CanyonsErodedMedium1KStraight04
00249BE4,CanyonsErodedMedium1KStraight05
0007531E,CanyonsRockyLarge1KInnerCurve01
0007531F,CanyonsRockyLarge1KInnerCurve02
00075320,CanyonsRockyLarge1KInnerCurve03
00075322,CanyonsRockyLarge1KInnerCurve04
00075321,CanyonsRockyLarge1KInnerCurve05
00075319,CanyonsRockyLarge1KOuterCurve01
0007531A,CanyonsRockyLarge1KOuterCurve02
0007531B,CanyonsRockyLarge1KOuterCurve03
0007531C,CanyonsRockyLarge1KOuterCurve04
0007531D,CanyonsRockyLarge1KOuterCurve05
00075314,CanyonsRockyLarge1KStraight01
00075315,CanyonsRockyLarge1KStraight02
00075316,CanyonsRockyLarge1KStraight03
00075317,CanyonsRockyLarge1KStraight04
00075318,CanyonsRockyLarge1KStraight05
00249BE3,CanyonsRockyMedium1KInnerCurve01
00249BE2,CanyonsRockyMedium1KInnerCurve02
00249BE1,CanyonsRockyMedium1KInnerCurve03
00249BDF,CanyonsRockyMedium1KInnerCurve04
00249BDE,CanyonsRockyMedium1KInnerCurve05
00249BE0,CanyonsRockyMedium1KOuterCurve01
00249BDC,CanyonsRockyMedium1KOuterCurve02
00249BDB,CanyonsRockyMedium1KOuterCurve03
00249BDD,CanyonsRockyMedium1KOuterCurve04
00249BD9,CanyonsRockyMedium1KOuterCurve05
00249BD8,CanyonsRockyMedium1KStraight01
00249BDA,CanyonsRockyMedium1KStraight02
00249BD7,CanyonsRockyMedium1KStraight03
00249BD6,CanyonsRockyMedium1KStraight04
00249BD5,CanyonsRockyMedium1KStraight05
0024EF57,CanyonsSharpLarge1KInnerCurve01
0024EF58,CanyonsSharpLarge1KInnerCurve02
0024EF59,CanyonsSharpLarge1KInnerCurve03
0024EF5A,CanyonsSharpLarge1KInnerCurve04
0024EF5B,CanyonsSharpLarge1KInnerCurve05
0024EF5C,CanyonsSharpLarge1KOuterCurve01
0024EF5D,CanyonsSharpLarge1KOuterCurve02
0024EF5E,CanyonsSharpLarge1KOuterCurve03
0024EF5F,CanyonsSharpLarge1KOuterCurve04
0024EF60,CanyonsSharpLarge1KOuterCurve05
0024EF52,CanyonsSharpLarge1KStraight01
0024EF53,CanyonsSharpLarge1KStraight02
0024EF54,CanyonsSharpLarge1KStraight03
0024EF55,CanyonsSharpLarge1KStraight04
0024EF56,CanyonsSharpLarge1KStraight05
00249C01,CanyonsSharpMedium1KInnerCurve01
00249C00,CanyonsSharpMedium1KInnerCurve02
00249C02,CanyonsSharpMedium1KInnerCurve03
00249BFE,CanyonsSharpMedium1KInnerCurve04
00249BFD,CanyonsSharpMedium1KInnerCurve05
00249BFF,CanyonsSharpMedium1KOuterCurve01
00249BFB,CanyonsSharpMedium1KOuterCurve02
00249BFA,CanyonsSharpMedium1KOuterCurve03
00249BFC,CanyonsSharpMedium1KOuterCurve04
00249BF8,CanyonsSharpMedium1KOuterCurve05
00249BF7,CanyonsSharpMedium1KStraight01
00249BF9,CanyonsSharpMedium1KStraight02
00249BF6,CanyonsSharpMedium1KStraight03
00249BF5,CanyonsSharpMedium1KStraight04
00249BF4,CanyonsSharpMedium1KStraight05
002C2516,CratersSharpLarge2K01
002C2515,CratersSharpLarge2K02
002C2514,CratersSharpLarge2K03
002C2513,CratersSharpLarge2K04
002C2517,CratersSharpLarge2K05
002C252F,CratersSharpLarge2K06
002C252E,CratersSharpLarge2K07
002C252D,CratersSharpLarge2K08
002C252C,CratersSharpLarge2K09
002C2512,CratersSharpLarge2K10
002D00DF,CratersSharpMedium1K01
002D00E0,CratersSharpMedium1K02
002D00E1,CratersSharpMedium1K03
002D00E2,CratersSharpMedium1K04
002D00DE,CratersSharpMedium1K05
002D00F3,CratersSharpMedium1K06
002D00F4,CratersSharpMedium1K07
002D00F5,CratersSharpMedium1K08
002D00F6,CratersSharpMedium1K09
002D00F2,CratersSharpMedium1K10
00141E6F,CratersSharpRedMile2K
002C252B,CratersSharpSparseLarge2K01
002C252A,CratersSharpSparseLarge2K02
002C2529,CratersSharpSparseLarge2K03
002C2528,CratersSharpSparseLarge2K04
002C2527,CratersSharpSparseLarge2K05
002C2526,CratersSharpSparseLarge2K06
002C2525,CratersSharpSparseLarge2K07
002C2524,CratersSharpSparseLarge2K08
002C2523,CratersSharpSparseLarge2K09
002C2522,CratersSharpSparseLarge2K10
002C2520,CratersSharpSparseMedium1K01
002C251F,CratersSharpSparseMedium1K02
002C251E,CratersSharpSparseMedium1K03
002C251D,CratersSharpSparseMedium1K04
002C251C,CratersSharpSparseMedium1K05
002C251B,CratersSharpSparseMedium1K06
002C251A,CratersSharpSparseMedium1K07
002C2519,CratersSharpSparseMedium1K08
002C2518,CratersSharpSparseMedium1K09
002C2521,CratersSharpSparseMedium1K10
002090B7,FieldsBumpySmall1K01
002090B6,FieldsBumpySmall1K02
002090B5,FieldsBumpySmall1K03
002090B4,FieldsBumpySmall1K04
002090B3,FieldsBumpySmall1K05
0006CA49,FieldsCrevassesSmall1K01
0006CA4A,FieldsCrevassesSmall1K02
0006CA4B,FieldsCrevassesSmall1K03
0006CA4C,FieldsCrevassesSmall1K04
0006CA4D,FieldsCrevassesSmall1K05
002C5875,FieldsDunesLarge1K01
002C5879,FieldsDunesLarge1K02
002C5876,FieldsDunesLarge1K03
002C5877,FieldsDunesLarge1K04
002C5878,FieldsDunesLarge1K05
002C587A,FieldsDunesMedium1K01
002C587B,FieldsDunesMedium1K02
002C587C,FieldsDunesMedium1K03
002C587D,FieldsDunesMedium1K04
002C587E,FieldsDunesMedium1K05
002DA9CE,FieldsDunesRockyBareLarge1K01
002DA9CF,FieldsDunesRockyBareLarge1K02
002DA9D0,FieldsDunesRockyBareLarge1K03
002DA9D1,FieldsDunesRockyBareLarge1K04
002DA9D2,FieldsDunesRockyBareLarge1K05
00298A44,FieldsDunesSparseSmall1K01
00298A40,FieldsDunesSparseSmall1K02
00298A3E,FieldsDunesSparseSmall1K03
00298A3D,FieldsDunesSparseSmall1K04
00298A42,FieldsDunesSparseSmall1K05
00298A3C,FieldsDunesSparseSmall1K06
00298A3B,FieldsDunesSparseSmall1K07
00298A3A,FieldsDunesSparseSmall1K08
00298A39,FieldsDunesSparseSmall1K09
00298A38,FieldsDunesSparseSmall1K10
002C17D4,FieldsFlat1K01
002C17D5,FieldsFlat1K02
002C17D3,FieldsFlat1K03
002C17D2,FieldsFlat1K04
002C17D1,FieldsFlat1K05
001EF063,FieldsFlatMix1K01
001EF061,FieldsFlatMix1K02
001EF060,FieldsFlatMix1K03
001EF05F,FieldsFlatMix1K04
001EF05E,FieldsFlatMix1K05
001EF05D,FieldsFlatMix1K06
001EF05C,FieldsFlatMix1K07
001EF05B,FieldsFlatMix1K08
001EF05A,FieldsFlatMix1K09
001EF062,FieldsFlatMix1K10
0006CA4E,FieldsFracturedSmall1K01
0006CA4F,FieldsFracturedSmall1K02
0006CA50,FieldsFracturedSmall1K03
0006CA51,FieldsFracturedSmall1K04
0006CA52,FieldsFracturedSmall1K05
0006CA53,FieldsHillsSmall1K01
0006CA54,FieldsHillsSmall1K02
0006CA55,FieldsHillsSmall1K03
0006CA56,FieldsHillsSmall1K04
0006CA57,FieldsHillsSmall1K05
002C17CB,FieldsMoundsMedium1K01
002C17CA,FieldsMoundsMedium1K02
002C17C9,FieldsMoundsMedium1K03
002C17C8,FieldsMoundsMedium1K04
002C17C7,FieldsMoundsMedium1K05
002C17C6,FieldsMoundsSmall1K01
002C17C5,FieldsMoundsSmall1K02
002C17C4,FieldsMoundsSmall1K03
002C17C2,FieldsMoundsSmall1K04
002C17C3,FieldsMoundsSmall1K05
002C17C1,FieldsMoundsSmallSparse1K01
002C17C0,FieldsMoundsSmallSparse1K02
002C17BF,FieldsMoundsSmallSparse1K03
002C17BE,FieldsMoundsSmallSparse1K04
002C17BD,FieldsMoundsSmallSparse1K05
0006CA44,FieldsPlateausSmall1K01
0006CA45,FieldsPlateausSmall1K02
0006CA46,FieldsPlateausSmall1K03
0006CA47,FieldsPlateausSmall1K04
0006CA48,FieldsPlateausSmall1K05
00275223,FieldsPoolsCellularSmall1K01
00275220,FieldsPoolsCellularSmall1K02
0027521F,FieldsPoolsCellularSmall1K03
0027521E,FieldsPoolsCellularSmall1K04
0027521D,FieldsPoolsCellularSmall1K05
0027521C,FieldsPoolsCellularSmall1K06
0027521B,FieldsPoolsCellularSmall1K07
0027521A,FieldsPoolsCellularSmall1K08
00275219,FieldsPoolsCellularSmall1K09
00275221,FieldsPoolsCellularSmall1K10
00125786,FieldsPoolsDeepLarge1K01
00125785,FieldsPoolsDeepLarge1K02
00125784,FieldsPoolsDeepLarge1K03
00125783,FieldsPoolsDeepLarge1K04
00125782,FieldsPoolsDeepLarge1K05
0021A0A6,FieldsPoolsDeltasSmall1K01
0021A0A5,FieldsPoolsDeltasSmall1K02
0021A0A4,FieldsPoolsDeltasSmall1K03
0021A0A3,FieldsPoolsDeltasSmall1K04
0021A0A2,FieldsPoolsDeltasSmall1K05
00218939,FieldsPoolsDeltasSparseSmall1K01
00218938,FieldsPoolsDeltasSparseSmall1K02
00218937,FieldsPoolsDeltasSparseSmall1K03
00218936,FieldsPoolsDeltasSparseSmall1K04
00218935,FieldsPoolsDeltasSparseSmall1K05
0006CA34,FieldsPoolsLarge1K01
0006CA36,FieldsPoolsLarge1K02
0006CA37,FieldsPoolsLarge1K03
0006CA38,FieldsPoolsLarge1K04
0006CA39,FieldsPoolsLarge1K05
0006CA33,FieldsPoolsSmall1K01
0006CA32,FieldsPoolsSmall1K02
0006CA35,FieldsPoolsSmall1K03
0006CA5E,FieldsPoolsSmall1K04
0006CA5F,FieldsPoolsSmall1K05
00295A43,FieldsPoolsSparseSmall1K01
00295A44,FieldsPoolsSparseSmall1K02
00295A45,FieldsPoolsSparseSmall1K03
00295A41,FieldsPoolsSparseSmall1K04
00295A42,FieldsPoolsSparseSmall1K05
0006CE55,FieldsRocky1K01
0006CE56,FieldsRocky1K02
0006CE58,FieldsRocky1K03
0006CE57,FieldsRocky1K04
0006CE59,FieldsRocky1K05
002B19EC,FieldsSlotCanyonsErodedMedium1K01
002B19EB,FieldsSlotCanyonsErodedMedium1K02
002B19EA,FieldsSlotCanyonsErodedMedium1K03
002B19E9,FieldsSlotCanyonsErodedMedium1K04
002B19E1,FieldsSlotCanyonsErodedMedium1K05
002B19E0,FieldsSlotCanyonsErodedMedium1K06
002B19DF,FieldsSlotCanyonsErodedMedium1K07
002B1A12,FieldsSlotCanyonsErodedMedium1K08
002B19DC,FieldsSlotCanyonsErodedMedium1K09
002B19ED,FieldsSlotCanyonsErodedMedium1K10
002B1A10,FieldsSlotCanyonsErodedMedium2K01
002B1A0F,FieldsSlotCanyonsErodedMedium2K02
002B1A0E,FieldsSlotCanyonsErodedMedium2K03
002B1A04,FieldsSlotCanyonsErodedMedium2K04
002B1A03,FieldsSlotCanyonsErodedMedium2K05
002B1A02,FieldsSlotCanyonsErodedMedium2K06
002B1A01,FieldsSlotCanyonsErodedMedium2K07
002B1A00,FieldsSlotCanyonsErodedMedium2K08
002B19FD,FieldsSlotCanyonsErodedMedium2K09
002B1A11,FieldsSlotCanyonsErodedMedium2K10
002B415E,FieldsSlotCanyonsSharpMedium1K01
002B415D,FieldsSlotCanyonsSharpMedium1K02
002B415C,FieldsSlotCanyonsSharpMedium1K03
002B415B,FieldsSlotCanyonsSharpMedium1K04
002B415A,FieldsSlotCanyonsSharpMedium1K05
002B4159,FieldsSlotCanyonsSharpMedium1K06
002B4158,FieldsSlotCanyonsSharpMedium1K07
002B4157,FieldsSlotCanyonsSharpMedium1K08
002B4156,FieldsSlotCanyonsSharpMedium1K09
002B415F,FieldsSlotCanyonsSharpMedium1K10
002B4186,FieldsSlotCanyonsSharpMedium2K01
002B4185,FieldsSlotCanyonsSharpMedium2K02
002B4184,FieldsSlotCanyonsSharpMedium2K03
002B4183,FieldsSlotCanyonsSharpMedium2K04
002B4182,FieldsSlotCanyonsSharpMedium2K05
002B417F,FieldsSlotCanyonsSharpMedium2K06
002B417E,FieldsSlotCanyonsSharpMedium2K07
002B417D,FieldsSlotCanyonsSharpMedium2K08
002B417C,FieldsSlotCanyonsSharpMedium2K09
002B417B,FieldsSlotCanyonsSharpMedium2K10
0029D20D,FieldsWarped1K01
0029D20F,FieldsWarped1K02
0029D210,FieldsWarped1K03
0029D211,FieldsWarped1K04
0029D20E,FieldsWarped1K05
001D1D9D,HillsArchipelagoLarge2K01
001D1D9C,HillsArchipelagoLarge2K02
001D1D9B,HillsArchipelagoLarge2K03
001D1D9A,HillsArchipelagoLarge2K04
001D1D99,HillsArchipelagoLarge2K05
001D1D98,HillsArchipelagoLarge2K06
001D1D97,HillsArchipelagoLarge2K07
001D1D96,HillsArchipelagoLarge2K08
001D1D95,HillsArchipelagoLarge2K09
001D1D94,HillsArchipelagoLarge2K10
001E4184,HillsArchipelagoMedium1K01
001E417B,HillsArchipelagoMedium1K02
001E417A,HillsArchipelagoMedium1K03
001E4179,HillsArchipelagoMedium1K04
001E417C,HillsArchipelagoMedium1K05
001D1DA4,HillsArchipelagoMedium1K06
001D1DA3,HillsArchipelagoMedium1K07
001D1DA2,HillsArchipelagoMedium1K08
001D1DA1,HillsArchipelagoMedium1K09
001D1DA0,HillsArchipelagoMedium1K10
002C7AE1,HillsErodedLarge1K01
002C7AE0,HillsErodedLarge1K02
002C7ADF,HillsErodedLarge1K03
002C7ADE,HillsErodedLarge1K04
002C7ADD,HillsErodedLarge1K05
002C7ADC,HillsErodedLarge1K06
002C7ADB,HillsErodedLarge1K07
002C7ADA,HillsErodedLarge1K08
002C7AD9,HillsErodedLarge1K09
002C7AD8,HillsErodedLarge1K10
002C797C,HillsErodedMedium1K01
002C797B,HillsErodedMedium1K02
002C797A,HillsErodedMedium1K03
002C7979,HillsErodedMedium1K04
002C797D,HillsErodedMedium1K05
0029F2E7,HillsMesasErodedLarge1K01
0029F2E6,HillsMesasErodedLarge1K02
0029F2E5,HillsMesasErodedLarge1K03
0029F2E4,HillsMesasErodedLarge1K04
0029F2E3,HillsMesasErodedLarge1K05
0029F2E2,HillsMesasErodedLarge1K06
0029F2E1,HillsMesasErodedLarge1K07
0029F2F2,HillsMesasErodedLarge1K08
0029F2F3,HillsMesasErodedLarge1K09
0029F2F4,HillsMesasErodedLarge1K10
0029F2D2,HillsMesasErodedLarge2K01
0029F2D1,HillsMesasErodedLarge2K02
0029F2D0,HillsMesasErodedLarge2K03
0029F2CF,HillsMesasErodedLarge2K04
0029F2CE,HillsMesasErodedLarge2K05
0029F2CD,HillsMesasErodedLarge2K06
0029F2CC,HillsMesasErodedLarge2K07
0029F2CB,HillsMesasErodedLarge2K08
0029F2CA,HillsMesasErodedLarge2K09
0029F2D3,HillsMesasErodedLarge2K10
0029F2F1,HillsMesasErodedMedium1K01
0029F2F0,HillsMesasErodedMedium1K02
0029F2EF,HillsMesasErodedMedium1K03
0029F2EE,HillsMesasErodedMedium1K04
0029F2ED,HillsMesasErodedMedium1K05
0029F2EC,HillsMesasErodedMedium1K06
0029F2EB,HillsMesasErodedMedium1K07
0029F2EA,HillsMesasErodedMedium1K08
0029F2E9,HillsMesasErodedMedium1K09
0029F2E8,HillsMesasErodedMedium1K10
0029F2DC,HillsMesasErodedMedium2K01
0029F2DB,HillsMesasErodedMedium2K02
0029F2DA,HillsMesasErodedMedium2K03
0029F2D9,HillsMesasErodedMedium2K04
0029F2D8,HillsMesasErodedMedium2K05
0029F2D7,HillsMesasErodedMedium2K06
0029F2D6,HillsMesasErodedMedium2K07
0029F2D5,HillsMesasErodedMedium2K08
0029F2D4,HillsMesasErodedMedium2K09
0029F2DD,HillsMesasErodedMedium2K10
00249BB5,HillsMesasRockyLarge1K01
00249BB4,HillsMesasRockyLarge1K02
00249BB3,HillsMesasRockyLarge1K03
00249BB2,HillsMesasRockyLarge1K04
00249BB1,HillsMesasRockyLarge1K05
00249BB0,HillsMesasRockyLarge1K06
00249BAF,HillsMesasRockyLarge1K07
00249BAE,HillsMesasRockyLarge1K08
00249BAD,HillsMesasRockyLarge1K09
00249BB6,HillsMesasRockyLarge1K10
00249BBF,HillsMesasRockyLarge2K01
00249BBE,HillsMesasRockyLarge2K02
00249BBD,HillsMesasRockyLarge2K03
00249BBC,HillsMesasRockyLarge2K04
00249BBB,HillsMesasRockyLarge2K05
00249BBA,HillsMesasRockyLarge2K06
00249BB9,HillsMesasRockyLarge2K07
00249BB8,HillsMesasRockyLarge2K08
00249BB7,HillsMesasRockyLarge2K09
00249BC0,HillsMesasRockyLarge2K10
00249BC9,HillsMesasRockyMedium1K01
00249BC8,HillsMesasRockyMedium1K02
00249BC7,HillsMesasRockyMedium1K03
00249BC6,HillsMesasRockyMedium1K04
00249BC5,HillsMesasRockyMedium1K05
00249BC4,HillsMesasRockyMedium1K06
00249BC3,HillsMesasRockyMedium1K07
00249BC2,HillsMesasRockyMedium1K08
00249BC1,HillsMesasRockyMedium1K09
00249BCA,HillsMesasRockyMedium1K10
00249BD4,HillsMesasRockyMedium2K01
00249BD3,HillsMesasRockyMedium2K02
00249BD2,HillsMesasRockyMedium2K03
00249BD1,HillsMesasRockyMedium2K04
00249BD0,HillsMesasRockyMedium2K05
00249BCF,HillsMesasRockyMedium2K06
00249BCE,HillsMesasRockyMedium2K07
00249BCD,HillsMesasRockyMedium2K08
00249BCC,HillsMesasRockyMedium2K09
00249BCB,HillsMesasRockyMedium2K10
0029F303,HillsMesasSharpLarge1K01
0029F302,HillsMesasSharpLarge1K02
0029F301,HillsMesasSharpLarge1K03
0029F300,HillsMesasSharpLarge1K04
0029F2FF,HillsMesasSharpLarge1K05
0029F314,HillsMesasSharpLarge1K06
0029F315,HillsMesasSharpLarge1K07
0029F316,HillsMesasSharpLarge1K08
0029F325,HillsMesasSharpLarge1K09
0029F304,HillsMesasSharpLarge1K10
0029F323,HillsMesasSharpLarge2K01
0029F322,HillsMesasSharpLarge2K02
0029F321,HillsMesasSharpLarge2K03
0029F320,HillsMesasSharpLarge2K04
0029F31F,HillsMesasSharpLarge2K05
0029F31E,HillsMesasSharpLarge2K06
0029F31D,HillsMesasSharpLarge2K07
0029F31C,HillsMesasSharpLarge2K08
0029F317,HillsMesasSharpLarge2K09
0029F324,HillsMesasSharpLarge2K10
0029F328,HillsMesasSharpMedium1K01
0029F329,HillsMesasSharpMedium1K02
0029F32A,HillsMesasSharpMedium1K03
0029F32B,HillsMesasSharpMedium1K04
0029F318,HillsMesasSharpMedium1K05
0029F319,HillsMesasSharpMedium1K06
0029F31A,HillsMesasSharpMedium1K07
0029F31B,HillsMesasSharpMedium1K08
0029F326,HillsMesasSharpMedium1K09
0029F327,HillsMesasSharpMedium1K10
0029F2FA,HillsMesasSharpMedium2K01
0029F2F9,HillsMesasSharpMedium2K02
0029F2F8,HillsMesasSharpMedium2K03
0029F2F7,HillsMesasSharpMedium2K04
0029F2F6,HillsMesasSharpMedium2K05
0029F2F5,HillsMesasSharpMedium2K06
0029F2FC,HillsMesasSharpMedium2K07
0029F2FD,HillsMesasSharpMedium2K08
0029F2FE,HillsMesasSharpMedium2K09
0029F2FB,HillsMesasSharpMedium2K10
0006CA8B,HillsRockyLarge1K01
0006CA90,HillsRockyLarge1K02
0006CA91,HillsRockyLarge1K03
0006CA92,HillsRockyLarge1K04
0006CA93,HillsRockyLarge1K05
0006CA8F,HillsRockyLarge2K01
0006CA95,HillsRockyLarge2K02
0006CA96,HillsRockyLarge2K03
0006CA97,HillsRockyLarge2K04
0006CA98,HillsRockyLarge2K05
0006CA86,HillsRockyMedium1K01
0006CA87,HillsRockyMedium1K02
0006CA88,HillsRockyMedium1K03
0006CA89,HillsRockyMedium1K04
0006CA8A,HillsRockyMedium1K05
0006CA81,HillsRockyMedium2K01
0006CA8C,HillsRockyMedium2K02
0006CA8D,HillsRockyMedium2K03
0006CA8E,HillsRockyMedium2K04
0006CA94,HillsRockyMedium2K05
0006CA75,HillsRockySmall1K01
0006CA77,HillsRockySmall1K02
0006CA78,HillsRockySmall1K03
0006CA79,HillsRockySmall1K04
0006CA7A,HillsRockySmall1K05
0006CA7B,HillsRockySmall1K06
0006CA7C,HillsRockySmall1K07
0006CA7D,HillsRockySmall1K08
0006CA7E,HillsRockySmall1K09
0006CA7F,HillsRockySmall1K10
0006CA76,HillsRockySmall2K01
0006CA80,HillsRockySmall2K02
0006CA82,HillsRockySmall2K03
0006CA83,HillsRockySmall2K04
0006CA84,HillsRockySmall2K05
002BE2DA,HillsRoughLarge1K01
002BA65B,HillsRoughLarge1K02
002BA65A,HillsRoughLarge1K03
002BA659,HillsRoughLarge1K04
002BA658,HillsRoughLarge1K05
002BA657,HillsRoughLarge1K06
002BA656,HillsRoughLarge1K07
002BA655,HillsRoughLarge1K08
002BA654,HillsRoughLarge1K09
002BA653,HillsRoughLarge1K10
002BA652,HillsRoughLarge2K01
002BA651,HillsRoughLarge2K02
002BA650,HillsRoughLarge2K03
002BA64F,HillsRoughLarge2K04
002BA64E,HillsRoughLarge2K05
002BA64D,HillsRoughLarge2K06
002BA64C,HillsRoughLarge2K07
002BA64B,HillsRoughLarge2K08
002BA64A,HillsRoughLarge2K09
002BA649,HillsRoughLarge2K10
002B4D49,HillsRoughMedium1K01
002B4D4A,HillsRoughMedium1K02
002B4D48,HillsRoughMedium1K03
002B4D47,HillsRoughMedium1K04
002B4D46,HillsRoughMedium1K05
002B4D45,HillsRoughMedium1K06
002B4D44,HillsRoughMedium1K07
002B4D43,HillsRoughMedium1K08
002B4D42,HillsRoughMedium1K09
002B4D41,HillsRoughMedium1K10
0028BE10,HillsRoughSmall1K01
0028BE11,HillsRoughSmall1K02
0028BE0F,HillsRoughSmall1K03
0028BE0E,HillsRoughSmall1K04
0028BE0D,HillsRoughSmall1K05
0006CA66,HillsRoundedLarge1K01
0006CA67,HillsRoundedLarge1K02
0006CA68,HillsRoundedLarge1K03
0006CA69,HillsRoundedLarge1K04
0006CA6A,HillsRoundedLarge1K05
0006CA6B,HillsRoundedLarge1K06
0006CA6C,HillsRoundedLarge1K07
0006CA6D,HillsRoundedLarge1K08
0006CA6E,HillsRoundedLarge1K09
0006CA6F,HillsRoundedLarge1K10
0006CA70,HillsRoundedLarge2K01
0006CA71,HillsRoundedLarge2K02
0006CA72,HillsRoundedLarge2K03
0006CA73,HillsRoundedLarge2K04
0006CA74,HillsRoundedLarge2K05
0006CA58,HillsRoundedMedium1K01
0006CA59,HillsRoundedMedium1K02
0006CA5A,HillsRoundedMedium1K03
0006CA5B,HillsRoundedMedium1K04
0006CA5C,HillsRoundedMedium1K05
002493F3,HillsSharpLarge1K01
002493F5,HillsSharpLarge1K02
002493F6,HillsSharpLarge1K03
002493F4,HillsSharpLarge1K04
002493F2,HillsSharpLarge1K05
002493F1,HillsSharpLarge1K06
002493F0,HillsSharpLarge1K07
002493EF,HillsSharpLarge1K08
002493EE,HillsSharpLarge1K09
002493ED,HillsSharpLarge1K10
002493EC,HillsSharpLarge2K01
002493EB,HillsSharpLarge2K02
002493EA,HillsSharpLarge2K03
002493E9,HillsSharpLarge2K04
002493E8,HillsSharpLarge2K05
002493E7,HillsSharpLarge2K06
002493E6,HillsSharpLarge2K07
002493E5,HillsSharpLarge2K08
002493E4,HillsSharpLarge2K09
002493E3,HillsSharpLarge2K10
002493E2,HillsSharpMedium1K01
002493E1,HillsSharpMedium1K02
002493E0,HillsSharpMedium1K03
002493DF,HillsSharpMedium1K04
002493DE,HillsSharpMedium1K05
002493DD,HillsSharpMedium1K06
002493DC,HillsSharpMedium1K07
002493DB,HillsSharpMedium1K08
002493DA,HillsSharpMedium1K09
002493D9,HillsSharpMedium1K10
002493D8,HillsSharpSmall1K01
002493D7,HillsSharpSmall1K02
002493D6,HillsSharpSmall1K03
002493D5,HillsSharpSmall1K04
002493D4,HillsSharpSmall1K05
002493D3,HillsSharpSmall1K06
002493D2,HillsSharpSmall1K07
002493D1,HillsSharpSmall1K08
002493D0,HillsSharpSmall1K09
002493CF,HillsSharpSmall1K10
002C17F3,HillsSmoothLarge1K01
002C17F2,HillsSmoothLarge1K02
002C17F0,HillsSmoothLarge1K03
002C17F1,HillsSmoothLarge1K04
002C17EF,HillsSmoothLarge1K05
002C17EE,HillsSmoothLarge1K06
002C17ED,HillsSmoothLarge1K07
002C17EC,HillsSmoothLarge1K08
002C17EB,HillsSmoothLarge1K09
002C17EA,HillsSmoothLarge1K10
002C17E9,HillsSmoothLarge2K01
002C17E8,HillsSmoothLarge2K02
002C17E7,HillsSmoothLarge2K03
002C17E6,HillsSmoothLarge2K04
002C17E5,HillsSmoothLarge2K05
002C17E4,HillsSmoothLarge2K06
002C17E3,HillsSmoothLarge2K07
002C17E2,HillsSmoothLarge2K08
002C17E1,HillsSmoothLarge2K09
002C17E0,HillsSmoothLarge2K10
002C17DE,HillsSmoothMedium1K01
002C17DF,HillsSmoothMedium1K02
002C17DD,HillsSmoothMedium1K03
002C17DC,HillsSmoothMedium1K04
002C17DB,HillsSmoothMedium1K05
002C17DA,HillsSmoothMedium1K06
002C17D9,HillsSmoothMedium1K07
002C17D8,HillsSmoothMedium1K08
002C17D7,HillsSmoothMedium1K09
002C17D6,HillsSmoothMedium1K10
002C17D0,HillsSmoothSmall1K01
002C17CF,HillsSmoothSmall1K02
002C17CE,HillsSmoothSmall1K03
002C17CD,HillsSmoothSmall1K04
002C17CC,HillsSmoothSmall1K05
0026F0E3,LakesLarge1K01
0026F0E2,LakesLarge1K02
0026F0E1,LakesLarge1K03
0026F0E0,LakesLarge1K04
0026F0DF,LakesLarge1K05
0026F0DE,LakesLarge1K06
0026F0DD,LakesLarge1K07
0026F0DC,LakesLarge1K08
0026F0DB,LakesLarge1K09
0026F0DA,LakesLarge1K10
0026F0ED,LakesLarge2K01
0026F0EC,LakesLarge2K02
0026F0EB,LakesLarge2K03
0026F0EA,LakesLarge2K04
0026F0E9,LakesLarge2K05
0026F0E8,LakesLarge2K06
0026F0E7,LakesLarge2K07
0026F0E6,LakesLarge2K08
0026F0E5,LakesLarge2K09
0026F0E4,LakesLarge2K10
0026F0D9,LakesMedium1K01
0026F0D8,LakesMedium1K02
0026F0D7,LakesMedium1K03
0026F0D6,LakesMedium1K04
0026F0D5,LakesMedium1K05
0026F0D4,LakesMedium1K06
0026F0D3,LakesMedium1K07
0026F0D2,LakesMedium1K08
0026F0D1,LakesMedium1K09
0026F0D0,LakesMedium1K10
00271284,MountainsAngledLarge1K01
00271285,MountainsAngledLarge1K02
00271286,MountainsAngledLarge1K03
00271287,MountainsAngledLarge1K04
00271288,MountainsAngledLarge1K05
00271289,MountainsAngledLarge1K06
0027128A,MountainsAngledLarge1K07
0027128B,MountainsAngledLarge1K08
0027128C,MountainsAngledLarge1K09
0027128D,MountainsAngledLarge1K10
0006CA3A,MountainsAngledMedium1K01
0006CA3B,MountainsAngledMedium1K02
0006CA3C,MountainsAngledMedium1K03
0006CA3D,MountainsAngledMedium1K04
0006CA3E,MountainsAngledMedium1K05
0006CA3F,MountainsAngledMedium2K01
0006CA40,MountainsAngledMedium2K02
0006CA41,MountainsAngledMedium2K03
0006CA42,MountainsAngledMedium2K04
0006CA43,MountainsAngledMedium2K05
002CE265,MountainsErodedLarge1K01
002CE264,MountainsErodedLarge1K02
002CE263,MountainsErodedLarge1K03
002CE262,MountainsErodedLarge1K04
002CE261,MountainsErodedLarge1K05
002CE260,MountainsErodedLarge1K06
002CE25F,MountainsErodedLarge1K07
002CE25E,MountainsErodedLarge1K08
002CE25D,MountainsErodedLarge1K09
002CE25C,MountainsErodedLarge1K10
002C8FF0,MountainsErodedLarge2K01
002C8FF4,MountainsErodedLarge2K02
002C8FF3,MountainsErodedLarge2K03
002C8FF2,MountainsErodedLarge2K04
002C8FF1,MountainsErodedLarge2K05
0021FD2E,MountainsRidgedLarge1K01
0021FD2D,MountainsRidgedLarge1K02
0021FD2C,MountainsRidgedLarge1K03
0021FD2B,MountainsRidgedLarge1K04
0021FD2A,MountainsRidgedLarge1K05
0021FD29,MountainsRidgedLarge1K06
0021FD28,MountainsRidgedLarge1K07
0021FD27,MountainsRidgedLarge1K08
0021FD26,MountainsRidgedLarge1K09
0021FD25,MountainsRidgedLarge1K10
0021FD18,MountainsRidgedLarge2K01
0021FD19,MountainsRidgedLarge2K02
0021FD17,MountainsRidgedLarge2K03
0021FD16,MountainsRidgedLarge2K04
0021FD15,MountainsRidgedLarge2K05
0021FD14,MountainsRidgedLarge2K06
0021FD13,MountainsRidgedLarge2K07
0021FD12,MountainsRidgedLarge2K08
0021FD11,MountainsRidgedLarge2K09
0021FD10,MountainsRidgedLarge2K10
0021FD23,MountainsRidgedMedium1K01
0021FD22,MountainsRidgedMedium1K02
0021FD21,MountainsRidgedMedium1K03
0021FD20,MountainsRidgedMedium1K04
0021FD1F,MountainsRidgedMedium1K05
0021FD1E,MountainsRidgedMedium1K06
0021FD1D,MountainsRidgedMedium1K07
0021FD1C,MountainsRidgedMedium1K08
0021FD1B,MountainsRidgedMedium1K09
0021FD1A,MountainsRidgedMedium1K10
002D0108,MountainsSharpLarge1K01
002D0109,MountainsSharpLarge1K02
002D010A,MountainsSharpLarge1K03
002D010B,MountainsSharpLarge1K04
002D010C,MountainsSharpLarge1K05
002D010D,MountainsSharpLarge1K06
002D010E,MountainsSharpLarge1K07
002D010F,MountainsSharpLarge1K08
002D0110,MountainsSharpLarge1K09
002D0111,MountainsSharpLarge1K10
002D0114,MountainsSharpLarge2K01
002D011D,MountainsSharpLarge2K02
002D011F,MountainsSharpLarge2K03
002D0120,MountainsSharpLarge2K04
002D011E,MountainsSharpLarge2K05
002D0126,MountainsSharpLarge2K06
002D0127,MountainsSharpLarge2K07
002D0128,MountainsSharpLarge2K08
002D0129,MountainsSharpLarge2K09
002D012A,MountainsSharpLarge2K10
002D0121,MountainsSharpMedium1K01
002D0122,MountainsSharpMedium1K02
002D0123,MountainsSharpMedium1K03
002D0124,MountainsSharpMedium1K04
002D0125,MountainsSharpMedium1K05
002D0132,MountainsSharpMedium1K06
002D0133,MountainsSharpMedium1K07
002D0134,MountainsSharpMedium1K08
002D0135,MountainsSharpMedium1K09
002D0136,MountainsSharpMedium1K10
002C55A3,MountainsTerracedLarge1K01
002C55A2,MountainsTerracedLarge1K02
002C559F,MountainsTerracedLarge1K03
002C559E,MountainsTerracedLarge1K04
002C559D,MountainsTerracedLarge1K05
002C559C,MountainsTerracedLarge1K06
002C559B,MountainsTerracedLarge1K07
002C559A,MountainsTerracedLarge1K08
002C5599,MountainsTerracedLarge1K09
002C5598,MountainsTerracedLarge1K10
002C5597,MountainsTerracedLarge2K01
002C5596,MountainsTerracedLarge2K02
002C5591,MountainsTerracedLarge2K03
002C5590,MountainsTerracedLarge2K04
002C558F,MountainsTerracedLarge2K05
002C558E,MountainsTerracedMedium1K01
002C55F4,MountainsTerracedMedium1K02
002C55F3,MountainsTerracedMedium1K03
002C55AB,MountainsTerracedMedium1K04
002C55AA,MountainsTerracedMedium1K05
002C55A8,MountainsTerracedMedium1K06
002C55A7,MountainsTerracedMedium1K07
002C55A6,MountainsTerracedMedium1K08
002C55A5,MountainsTerracedMedium1K09
002C55A4,MountainsTerracedMedium1K10
0022B2CE,RiversCurvedSmall1K01
0022B2CD,RiversCurvedSmall1K02
0022B2CC,RiversCurvedSmall1K03
0022B2CB,RiversCurvedSmall1K04
0022B2CA,RiversCurvedSmall1K05
0022B2C7,RiversEndSmall1K01
0022B2C6,RiversEndSmall1K02
0022B2C5,RiversEndSmall1K03
0022B2C4,RiversEndSmall1K04
0022B2C8,RiversEndSmall1K05
0022B2D2,RiversStraightSmall1K01
0022B2D1,RiversStraightSmall1K02
0022B2D0,RiversStraightSmall1K03
0022B2CF,RiversStraightSmall1K04
0022B2D3,RiversStraightSmall1K05
0028BDCF,VolcanoesErodedLarge1K01
0028BDCE,VolcanoesErodedLarge1K02
0028BDCB,VolcanoesErodedLarge1K03
0028BDCA,VolcanoesErodedLarge1K04
0028BDC9,VolcanoesErodedLarge1K05
0028BDC8,VolcanoesErodedLarge1K06
0028BDC7,VolcanoesErodedLarge1K07
0028BDC6,VolcanoesErodedLarge1K08
0028BDC5,VolcanoesErodedLarge1K09
0028BDC4,VolcanoesErodedLarge1K10
0028BDD0,VolcanoesErodedLarge2K01
0028BDC3,VolcanoesErodedLarge2K02
0028BDC2,VolcanoesErodedLarge2K03
0028BDC1,VolcanoesErodedLarge2K04
0028BDC0,VolcanoesErodedLarge2K05
0028BDBF,VolcanoesErodedLarge2K06
0028BDBE,VolcanoesErodedLarge2K07
0028BDBD,VolcanoesErodedLarge2K08
0028BDBC,VolcanoesErodedLarge2K09
0028BDBB,VolcanoesErodedLarge2K10
0028BDBA,VolcanoesErodedMedium1K01
0028BDCD,VolcanoesErodedMedium1K02
0028BDB9,VolcanoesErodedMedium1K03
0028BDCC,VolcanoesErodedMedium1K04
0028BDB8,VolcanoesErodedMedium1K05
0028BDB7,VolcanoesErodedMedium1K06
0028BDB6,VolcanoesErodedMedium1K07
0028BDB5,VolcanoesErodedMedium1K08
0028BDB4,VolcanoesErodedMedium1K09
0028BDB3,VolcanoesErodedMedium1K10
0028BDB2,VolcanoesErodedSmall1K01
0028BDB1,VolcanoesErodedSmall1K02
0028BDB0,VolcanoesErodedSmall1K03
0028BDAF,VolcanoesErodedSmall1K04
0028BDAE,VolcanoesErodedSmall1K05
0028BDAD,VolcanoesErodedSmall1K06
0028BDAC,VolcanoesErodedSmall1K07
0028BDAB,VolcanoesErodedSmall1K08
0028BDAA,VolcanoesErodedSmall1K09
0028BDA9,VolcanoesErodedSmall1K10
